{
  "target": "renewable_share",
  "cutoff": "2026-07-19 16:00:00+00:00",
  "persistence_naive": {
    "mae": 0.3438003335121713,
    "rmse": 0.4204042876125127
  },
  "seasonal_naive_168h": {
    "mae": 0.1281966499132131,
    "rmse": 0.16384888526416055
  },
  "xgboost": {
    "mae": 0.10910144996171935,
    "rmse": 0.1235528226928894,
    "skill_vs_seasonal_naive": 0.14895240994535253
  },
  "prophet": {
    "mae": 0.13468507826588028,
    "rmse": 0.15251079369953102,
    "skill_vs_seasonal_naive": -0.05061308822859045
  }
}