{
  "target": "price_eur_mwh",
  "cutoff": "2026-07-19 16:00:00+00:00",
  "persistence_naive": {
    "mae": 75.13437499999999,
    "rmse": 81.97946804688354
  },
  "seasonal_naive_168h": {
    "mae": 21.880625,
    "rmse": 29.562585834970527
  },
  "xgboost": {
    "mae": 35.539141232172646,
    "rmse": 38.98069955707984,
    "skill_vs_seasonal_naive": -0.6242287974942511
  },
  "prophet": {
    "mae": 38.12510576596284,
    "rmse": 42.923491265373336,
    "skill_vs_seasonal_naive": -0.7424139285766675
  }
}